{"cameraMode":{"drawMode":0,"name":"Shaded","section":"Shading Mode"},"sceneLighting":true,"audioPlay":false,"sceneViewState":{"showFog":true,"showMaterialUpdate":false,"showSkybox":true,"showFlares":true,"showImageEffects":true,"showParticleSystems":true},"in2DMode":false,"pivot":{"x":0.4856754541397095,"y":4.632025718688965,"z":-0.32413434982299807},"rotation":{"x":-0.3841502070426941,"y":0.04622362554073334,"z":-0.019260790199041368,"w":-0.9219121932983398},"size":2.9289417266845705,"orthographic":false}